time,samples,median,baseline,score,params,mean,mean_base,mean_score,mean_params
2.6666666666666665,802,60.5,0.5,0.6,"{'mlp__hidden_layer_sizes': (240, 66, 234), 'mlp__alpha': 0.04521002690869883, 'mlp__activation': 'tanh', 'mlp__solver': 'sgd', 'mlp__max_iter': 2730}",1267.84,0.9,0.91,"{'mlp__hidden_layer_sizes': (240, 66, 234), 'mlp__alpha': 1.0623320952877274e-06, 'mlp__activation': 'tanh', 'mlp__solver': 'lbfgs', 'mlp__max_iter': 2001}"
3.083333333333333,1322,51.5,0.5,0.73,"{'mlp__hidden_layer_sizes': (194,), 'mlp__alpha': 0.003253799973177998, 'mlp__activation': 'tanh', 'mlp__solver': 'sgd', 'mlp__max_iter': 3693}",1552.41,0.88,0.88,"{'mlp__hidden_layer_sizes': (141, 162, 395, 233), 'mlp__alpha': 0.00010617182989932169, 'mlp__activation': 'logistic', 'mlp__solver': 'lbfgs', 'mlp__max_iter': 1336}"
3.625,1638,48.0,0.4927536231884058,0.6231884057971014,"{'mlp__hidden_layer_sizes': (300, 165, 401, 395, 333), 'mlp__alpha': 0.002992288390475598, 'mlp__activation': 'tanh', 'mlp__solver': 'sgd', 'mlp__max_iter': 2575}",1979.3478260869565,0.927536231884058,0.9565217391304348,"{'mlp__hidden_layer_sizes': (300, 165, 401, 395, 333), 'mlp__alpha': 0.0001925355493514147, 'mlp__activation': 'identity', 'mlp__solver': 'sgd', 'mlp__max_iter': 1288}"
4.208333333333333,1797,36.0,0.5,0.4358974358974359,"{'mlp__hidden_layer_sizes': (240, 66, 234), 'mlp__alpha': 0.0001401178015615797, 'mlp__activation': 'identity', 'mlp__solver': 'adam', 'mlp__max_iter': 3424}",1327.948717948718,0.9102564102564102,0.9230769230769232,"{'mlp__hidden_layer_sizes': (141, 162, 395, 233), 'mlp__alpha': 0.0024702678108200946, 'mlp__activation': 'identity', 'mlp__solver': 'sgd', 'mlp__max_iter': 2859}"
4.666666666666667,2138,67.0,0.4939759036144578,0.8554216867469879,"{'mlp__hidden_layer_sizes': (300, 165, 401, 395, 333), 'mlp__alpha': 0.0003921243026327723, 'mlp__activation': 'relu', 'mlp__solver': 'lbfgs', 'mlp__max_iter': 2863}",1786.3734939759036,0.9036144578313252,0.9759036144578314,"{'mlp__hidden_layer_sizes': (240, 66, 234), 'mlp__alpha': 2.9561151491919784, 'mlp__activation': 'relu', 'mlp__solver': 'lbfgs', 'mlp__max_iter': 4384}"
5.125,2223,38.0,0.4929577464788733,0.7042253521126759,"{'mlp__hidden_layer_sizes': (240, 66, 234), 'mlp__alpha': 6.551299914653264e-07, 'mlp__activation': 'relu', 'mlp__solver': 'lbfgs', 'mlp__max_iter': 4391}",1420.2676056338028,0.8591549295774648,0.8732394366197183,"{'mlp__hidden_layer_sizes': (240, 66, 234), 'mlp__alpha': 1.5831487412217358, 'mlp__activation': 'identity', 'mlp__solver': 'lbfgs', 'mlp__max_iter': 2252}"
5.625,2414,46.0,0.4931506849315068,0.7808219178082192,"{'mlp__activation': 'tanh', 'mlp__alpha': 3.6036819598358716e-07, 'mlp__hidden_layer_sizes': (213, 486), 'mlp__solver': 'lbfgs', 'mlp__learning_rate': 'constant', 'mlp__max_iter': 4041}",1544.849315068493,0.8767123287671232,0.9315068493150684,"{'mlp__activation': 'relu', 'mlp__alpha': 4.75650511082482, 'mlp__hidden_layer_sizes': (445, 275, 485), 'mlp__solver': 'lbfgs', 'mlp__learning_rate': 'constant', 'mlp__max_iter': 4269}"
6.083333333333332,2563,50.5,0.5,0.6702127659574468,"{'mlp__activation': 'tanh', 'mlp__alpha': 0.0010544713933503685, 'mlp__hidden_layer_sizes': (275, 410, 251, 157), 'mlp__solver': 'sgd', 'mlp__learning_rate': 'adaptive', 'mlp__max_iter': 1728}",1084.9680851063831,0.8617021276595744,0.8723404255319149,"{'mlp__activation': 'identity', 'mlp__alpha': 3.1079237070341246, 'mlp__hidden_layer_sizes': (275, 410, 251, 157), 'mlp__solver': 'lbfgs', 'mlp__learning_rate': 'adaptive', 'mlp__max_iter': 2163}"
6.583333333333332,2836,54.0,0.49,0.82,"{'mlp__activation': 'tanh', 'mlp__alpha': 0.00034793550953344285, 'mlp__hidden_layer_sizes': (432, 489, 152, 425), 'mlp__solver': 'sgd', 'mlp__learning_rate': 'adaptive', 'mlp__max_iter': 1335}",1159.64,0.88,0.94,"{'mlp__activation': 'relu', 'mlp__alpha': 0.6710911053009663, 'mlp__hidden_layer_sizes': (293, 387, 207, 421, 390), 'mlp__solver': 'adam', 'mlp__learning_rate': 'adaptive', 'mlp__max_iter': 3531}"
